{
    "Player": {
        "ParticleEmitterPos": [
            0.0,
            0.0,
            -2.691999912261963
        ],
        "ParticleEmitterPos_LeftWing": [
            -5.199999809265137,
            -0.800000011920929,
            0.0
        ],
        "ParticleEmitterPos_RightWing": [
            5.199999809265137,
            -0.800000011920929,
            0.0
        ],
        "Translation": [
            0.0,
            0.0,
            0.0
        ]
    }
}
